group,dataset,method,run_name,status,seconds,co_bps,poisson_nll,baseline_target,baseline_margin,beats_baseline,run_dir,config,log,error
bo_drifting_one_tf,allen_vcn_bo_drifting_one_tf,psth,psth_allen_vcn_bo_drifting_one_tf_20ms_nlb_style,ok,1.281,-0.003873720998,0.4010377526,0.1543883979,-0.1582621189,false,runs/allen_vcn_nlb_style_20260805_tuned_core_v2/psth_allen_vcn_bo_drifting_one_tf_20ms_nlb_style,runs/allen_vcn_nlb_style_20260805_tuned_core_v2/configs/psth_allen_vcn_bo_drifting_one_tf_20ms_nlb_style.yaml,runs/allen_vcn_nlb_style_20260805_tuned_core_v2/_logs/psth_allen_vcn_bo_drifting_one_tf_20ms_nlb_style.log,
bo_drifting_one_tf,allen_vcn_bo_drifting_one_tf,smoothing,smoothing_allen_vcn_bo_drifting_one_tf_20ms_nlb_style,ok,2.359,0.1543883979,0.3811498284,0.1543883979,0,false,runs/allen_vcn_nlb_style_20260805_tuned_core_v2/smoothing_allen_vcn_bo_drifting_one_tf_20ms_nlb_style,runs/allen_vcn_nlb_style_20260805_tuned_core_v2/configs/smoothing_allen_vcn_bo_drifting_one_tf_20ms_nlb_style.yaml,runs/allen_vcn_nlb_style_20260805_tuned_core_v2/_logs/smoothing_allen_vcn_bo_drifting_one_tf_20ms_nlb_style.log,
bo_drifting_one_tf,allen_vcn_bo_drifting_one_tf,gpfa,gpfa_allen_vcn_bo_drifting_one_tf_20ms_nlb_style,ok,3.261,0.3168914914,0.3607289493,0.1543883979,0.1625030935,true,runs/allen_vcn_nlb_style_20260805_tuned_core_v2/gpfa_allen_vcn_bo_drifting_one_tf_20ms_nlb_style,runs/allen_vcn_nlb_style_20260805_tuned_core_v2/configs/gpfa_allen_vcn_bo_drifting_one_tf_20ms_nlb_style.yaml,runs/allen_vcn_nlb_style_20260805_tuned_core_v2/_logs/gpfa_allen_vcn_bo_drifting_one_tf_20ms_nlb_style.log,
bo_drifting_one_tf,allen_vcn_bo_drifting_one_tf,cassm,cassm_allen_vcn_bo_drifting_one_tf_20ms_nlb_style_ensemble_top4,ok,0.000,0.1592297405,0.3804814712,0.1543883979,0.0048413426,true,runs/allen_vcn_nlb_style_20260805_tuned_core_v2/cassm_ensembles/cassm_allen_vcn_bo_drifting_one_tf_20ms_nlb_style_ensemble_top4,runs/allen_vcn_nlb_style_20260805_tuned_core_v2/cassm_ensembles/cassm_allen_vcn_bo_drifting_one_tf_20ms_nlb_style_ensemble_top4/config.json,,selected_from_cassm_ensemble_top4
bo_drifting_one_tf,allen_vcn_bo_drifting_one_tf,kalman,kalman_allen_vcn_bo_drifting_one_tf_20ms_nlb_style_fallback_alpha1000,ok,170.990,0.1569515318,0.3801780939,0.1543883979,0.0025631339,true,runs/allen_vcn_nlb_style_20260805_tuned_core_v2/classical_fallback_sweep/kalman_allen_vcn_bo_drifting_one_tf_20ms_nlb_style_fallback_alpha1000,runs/allen_vcn_nlb_style_20260805_tuned_core_v2/classical_fallback_sweep/configs/kalman_allen_vcn_bo_drifting_one_tf_20ms_nlb_style_fallback_alpha1000.yaml,runs/allen_vcn_nlb_style_20260805_tuned_core_v2/classical_fallback_sweep/_logs/kalman_allen_vcn_bo_drifting_one_tf_20ms_nlb_style_fallback_alpha1000.log,selected_from_fallback_variant=alpha1000
bo_drifting_one_tf,allen_vcn_bo_drifting_one_tf,lfads,lfads_allen_vcn_bo_drifting_one_tf_20ms_nlb_style,ok,45.668,0.4080575109,0.3492726386,0.1543883979,0.253669113,true,runs/allen_vcn_nlb_style_20260805_tuned_core_v2/lfads_allen_vcn_bo_drifting_one_tf_20ms_nlb_style,runs/allen_vcn_nlb_style_20260805_tuned_core_v2/configs/lfads_allen_vcn_bo_drifting_one_tf_20ms_nlb_style.yaml,runs/allen_vcn_nlb_style_20260805_tuned_core_v2/_logs/lfads_allen_vcn_bo_drifting_one_tf_20ms_nlb_style.log,
bo_drifting_one_tf,allen_vcn_bo_drifting_one_tf,ndt,ndt_allen_vcn_bo_drifting_one_tf_20ms_nlb_style_fallback_linear_timestep,ok,127.280,0.2954845428,0.3634190559,0.1543883979,0.1410961449,true,runs/allen_vcn_nlb_style_20260805_tuned_core_v2/ndt_fallback_sweep/ndt_allen_vcn_bo_drifting_one_tf_20ms_nlb_style_fallback_linear_timestep,runs/allen_vcn_nlb_style_20260805_tuned_core_v2/ndt_fallback_sweep/configs/ndt_allen_vcn_bo_drifting_one_tf_20ms_nlb_style_fallback_linear_timestep.yaml,runs/allen_vcn_nlb_style_20260805_tuned_core_v2/ndt_fallback_sweep/_logs/ndt_allen_vcn_bo_drifting_one_tf_20ms_nlb_style_fallback_linear_timestep.log,selected_from_fallback_variant=linear_timestep
bo_drifting_one_tf,allen_vcn_bo_drifting_one_tf,stndt,stndt_allen_vcn_bo_drifting_one_tf_20ms_nlb_style,ok,448.582,0.3005096614,0.3627875745,0.1543883979,0.1461212635,true,runs/allen_vcn_nlb_style_20260805_tuned_core_v2/stndt_allen_vcn_bo_drifting_one_tf_20ms_nlb_style,runs/allen_vcn_nlb_style_20260805_tuned_core_v2/configs/stndt_allen_vcn_bo_drifting_one_tf_20ms_nlb_style.yaml,runs/allen_vcn_nlb_style_20260805_tuned_core_v2/_logs/stndt_allen_vcn_bo_drifting_one_tf_20ms_nlb_style.log,
bo_drifting_one_tf,allen_vcn_bo_drifting_one_tf,langevin_flow,langevin_flow_allen_vcn_bo_drifting_one_tf_20ms_nlb_style,ok,105.431,0.3153852522,0.3609182537,0.1543883979,0.1609968543,true,runs/allen_vcn_nlb_style_20260805_tuned_core_v2/langevin_flow_allen_vcn_bo_drifting_one_tf_20ms_nlb_style,runs/allen_vcn_nlb_style_20260805_tuned_core_v2/configs/langevin_flow_allen_vcn_bo_drifting_one_tf_20ms_nlb_style.yaml,runs/allen_vcn_nlb_style_20260805_tuned_core_v2/_logs/langevin_flow_allen_vcn_bo_drifting_one_tf_20ms_nlb_style.log,
bo_drifting_one_tf,allen_vcn_bo_drifting_one_tf,mint,mint_allen_vcn_bo_drifting_one_tf_20ms_nlb_style_optional_fallback_lfadslib_condition_interp1_cand2_win6_sigma2,ok,4.264,0.2095506042,0.3742178937,0.1543883979,0.0551622063,true,runs/allen_vcn_nlb_style_20260805_tuned_core_v2/mint_lfadslib_sweep/mint_allen_vcn_bo_drifting_one_tf_20ms_nlb_style_optional_fallback_lfadslib_condition_interp1_cand2_win6_sigma2,runs/allen_vcn_nlb_style_20260805_tuned_core_v2/mint_lfadslib_sweep/configs/mint_allen_vcn_bo_drifting_one_tf_20ms_nlb_style_optional_fallback_lfadslib_condition_interp1_cand2_win6_sigma2.yaml,runs/allen_vcn_nlb_style_20260805_tuned_core_v2/mint_lfadslib_sweep/_logs/mint_allen_vcn_bo_drifting_one_tf_20ms_nlb_style_optional_fallback_lfadslib_condition_interp1_cand2_win6_sigma2.log,selected_from_optional_fallback_variant=lfadslib_condition_interp1_cand2_win6_sigma2
bo_drifting_one_tf,allen_vcn_bo_drifting_one_tf,bgpfa,bgpfa_allen_vcn_bo_drifting_one_tf_20ms_nlb_style_optional_fallback_faobs1_gaussian_latent24_lr02_e250_refkl_fainit_poisdec,ok,247.619,0.236615926,0.3708167374,0.1543883979,0.0822275281,true,runs/allen_vcn_nlb_style_20260805_tuned_core_v2/bgpfa_faobs1_sweep/bgpfa_allen_vcn_bo_drifting_one_tf_20ms_nlb_style_optional_fallback_faobs1_gaussian_latent24_lr02_e250_refkl_fainit_poisdec,runs/allen_vcn_nlb_style_20260805_tuned_core_v2/bgpfa_faobs1_sweep/configs/bgpfa_allen_vcn_bo_drifting_one_tf_20ms_nlb_style_optional_fallback_faobs1_gaussian_latent24_lr02_e250_refkl_fainit_poisdec.yaml,runs/allen_vcn_nlb_style_20260805_tuned_core_v2/bgpfa_faobs1_sweep/_logs/bgpfa_allen_vcn_bo_drifting_one_tf_20ms_nlb_style_optional_fallback_faobs1_gaussian_latent24_lr02_e250_refkl_fainit_poisdec.log,selected_from_optional_fallback_variant=faobs1_gaussian_latent24_lr02_e250_refkl_fainit_poisdec
bo_drifting_one_tf,allen_vcn_bo_drifting_one_tf,ilqr_vae,ilqr_vae_allen_vcn_bo_drifting_one_tf_20ms_nlb_style_optional_fallback_e75_maxiter5_lr001_seed1,ok,2498.027,0.2943520546,0.363561362,0.1543883979,0.1399636567,true,runs/allen_vcn_nlb_style_20260805_tuned_core_v2/optional_fallback_sweep/ilqr_vae_allen_vcn_bo_drifting_one_tf_20ms_nlb_style_optional_fallback_e75_maxiter5_lr001_seed1,runs/allen_vcn_nlb_style_20260805_tuned_core_v2/optional_fallback_sweep/configs/ilqr_vae_allen_vcn_bo_drifting_one_tf_20ms_nlb_style_optional_fallback_e75_maxiter5_lr001_seed1.yaml,runs/allen_vcn_nlb_style_20260805_tuned_core_v2/optional_fallback_sweep/_logs/ilqr_vae_allen_vcn_bo_drifting_one_tf_20ms_nlb_style_optional_fallback_e75_maxiter5_lr001_seed1.log,selected_from_optional_fallback_variant=e75_maxiter5_lr001_seed1
flash_bo_top,allen_vcn_flash_bo_top,psth,psth_allen_vcn_flash_bo_top_20ms_nlb_style,ok,2.209,0.01324743498,0.3161457777,0.1345472038,-0.1212997688,false,runs/allen_vcn_nlb_style_20260805_tuned_core_v2/psth_allen_vcn_flash_bo_top_20ms_nlb_style,runs/allen_vcn_nlb_style_20260805_tuned_core_v2/configs/psth_allen_vcn_flash_bo_top_20ms_nlb_style.yaml,runs/allen_vcn_nlb_style_20260805_tuned_core_v2/_logs/psth_allen_vcn_flash_bo_top_20ms_nlb_style.log,
flash_bo_top,allen_vcn_flash_bo_top,smoothing,smoothing_allen_vcn_flash_bo_top_20ms_nlb_style,ok,6.328,0.1345472038,0.3053439558,0.1345472038,0,false,runs/allen_vcn_nlb_style_20260805_tuned_core_v2/smoothing_allen_vcn_flash_bo_top_20ms_nlb_style,runs/allen_vcn_nlb_style_20260805_tuned_core_v2/configs/smoothing_allen_vcn_flash_bo_top_20ms_nlb_style.yaml,runs/allen_vcn_nlb_style_20260805_tuned_core_v2/_logs/smoothing_allen_vcn_flash_bo_top_20ms_nlb_style.log,
flash_bo_top,allen_vcn_flash_bo_top,gpfa,gpfa_allen_vcn_flash_bo_top_20ms_nlb_style,ok,6.885,0.2413025945,0.2957669795,0.1345472038,0.1067553907,true,runs/allen_vcn_nlb_style_20260805_tuned_core_v2/gpfa_allen_vcn_flash_bo_top_20ms_nlb_style,runs/allen_vcn_nlb_style_20260805_tuned_core_v2/configs/gpfa_allen_vcn_flash_bo_top_20ms_nlb_style.yaml,runs/allen_vcn_nlb_style_20260805_tuned_core_v2/_logs/gpfa_allen_vcn_flash_bo_top_20ms_nlb_style.log,
flash_bo_top,allen_vcn_flash_bo_top,cassm,cassm_allen_vcn_flash_bo_top_20ms_nlb_style_fallback_pred_proj512_alpha500,ok,1102.883,0.143925935,0.3043267131,0.1345472038,0.0093787312,true,runs/allen_vcn_nlb_style_20260805_tuned_core_v2/classical_fallback_sweep/cassm_allen_vcn_flash_bo_top_20ms_nlb_style_fallback_pred_proj512_alpha500,runs/allen_vcn_nlb_style_20260805_tuned_core_v2/classical_fallback_sweep/configs/cassm_allen_vcn_flash_bo_top_20ms_nlb_style_fallback_pred_proj512_alpha500.yaml,runs/allen_vcn_nlb_style_20260805_tuned_core_v2/classical_fallback_sweep/_logs/cassm_allen_vcn_flash_bo_top_20ms_nlb_style_fallback_pred_proj512_alpha500.log,selected_from_fallback_variant=pred_proj512_alpha500
flash_bo_top,allen_vcn_flash_bo_top,kalman,kalman_allen_vcn_flash_bo_top_20ms_nlb_style_fallback_alpha1000,ok,40.226,0.1371652335,0.3050611317,0.1345472038,0.0026180297,true,runs/allen_vcn_nlb_style_20260805_tuned_core_v2/classical_fallback_sweep/kalman_allen_vcn_flash_bo_top_20ms_nlb_style_fallback_alpha1000,runs/allen_vcn_nlb_style_20260805_tuned_core_v2/classical_fallback_sweep/configs/kalman_allen_vcn_flash_bo_top_20ms_nlb_style_fallback_alpha1000.yaml,runs/allen_vcn_nlb_style_20260805_tuned_core_v2/classical_fallback_sweep/_logs/kalman_allen_vcn_flash_bo_top_20ms_nlb_style_fallback_alpha1000.log,selected_from_fallback_variant=alpha1000
flash_bo_top,allen_vcn_flash_bo_top,lfads,lfads_allen_vcn_flash_bo_top_20ms_nlb_style,ok,13.598,0.3097577691,0.2896258831,0.1345472038,0.1752105653,true,runs/allen_vcn_nlb_style_20260805_tuned_core_v2/lfads_allen_vcn_flash_bo_top_20ms_nlb_style,runs/allen_vcn_nlb_style_20260805_tuned_core_v2/configs/lfads_allen_vcn_flash_bo_top_20ms_nlb_style.yaml,runs/allen_vcn_nlb_style_20260805_tuned_core_v2/_logs/lfads_allen_vcn_flash_bo_top_20ms_nlb_style.log,
flash_bo_top,allen_vcn_flash_bo_top,ndt,ndt_allen_vcn_flash_bo_top_20ms_nlb_style,ok,51.839,0.2155240774,0.2980795503,0.1345472038,0.0809768736,true,runs/allen_vcn_nlb_style_20260805_tuned_core_v2/ndt_allen_vcn_flash_bo_top_20ms_nlb_style,runs/allen_vcn_nlb_style_20260805_tuned_core_v2/configs/ndt_allen_vcn_flash_bo_top_20ms_nlb_style.yaml,runs/allen_vcn_nlb_style_20260805_tuned_core_v2/_logs/ndt_allen_vcn_flash_bo_top_20ms_nlb_style.log,
flash_bo_top,allen_vcn_flash_bo_top,stndt,stndt_allen_vcn_flash_bo_top_20ms_nlb_style,ok,320.300,0.2625166476,0.2938638926,0.1345472038,0.1279694438,true,runs/allen_vcn_nlb_style_20260805_tuned_core_v2/stndt_allen_vcn_flash_bo_top_20ms_nlb_style,runs/allen_vcn_nlb_style_20260805_tuned_core_v2/configs/stndt_allen_vcn_flash_bo_top_20ms_nlb_style.yaml,runs/allen_vcn_nlb_style_20260805_tuned_core_v2/_logs/stndt_allen_vcn_flash_bo_top_20ms_nlb_style.log,
flash_bo_top,allen_vcn_flash_bo_top,langevin_flow,langevin_flow_allen_vcn_flash_bo_top_20ms_nlb_style,ok,29.695,0.2543465495,0.2945968211,0.1345472038,0.1197993457,true,runs/allen_vcn_nlb_style_20260805_tuned_core_v2/langevin_flow_allen_vcn_flash_bo_top_20ms_nlb_style,runs/allen_vcn_nlb_style_20260805_tuned_core_v2/configs/langevin_flow_allen_vcn_flash_bo_top_20ms_nlb_style.yaml,runs/allen_vcn_nlb_style_20260805_tuned_core_v2/_logs/langevin_flow_allen_vcn_flash_bo_top_20ms_nlb_style.log,
flash_bo_top,allen_vcn_flash_bo_top,mint,mint_allen_vcn_flash_bo_top_20ms_nlb_style_optional_fallback_lfadslib_condition_interp2_cand2_win6_sigma2,ok,1.614,0.1407944411,0.3047835211,0.1345472038,0.0062472373,true,runs/allen_vcn_nlb_style_20260805_tuned_core_v2/mint_lfadslib_sweep/mint_allen_vcn_flash_bo_top_20ms_nlb_style_optional_fallback_lfadslib_condition_interp2_cand2_win6_sigma2,runs/allen_vcn_nlb_style_20260805_tuned_core_v2/mint_lfadslib_sweep/configs/mint_allen_vcn_flash_bo_top_20ms_nlb_style_optional_fallback_lfadslib_condition_interp2_cand2_win6_sigma2.yaml,runs/allen_vcn_nlb_style_20260805_tuned_core_v2/mint_lfadslib_sweep/_logs/mint_allen_vcn_flash_bo_top_20ms_nlb_style_optional_fallback_lfadslib_condition_interp2_cand2_win6_sigma2.log,selected_from_optional_fallback_variant=lfadslib_condition_interp2_cand2_win6_sigma2
flash_bo_top,allen_vcn_flash_bo_top,bgpfa,bgpfa_allen_vcn_flash_bo_top_20ms_nlb_style_optional_fallback_faobs1tune_gaussian_latent20_lr02_e350_refkl_infer1000_fainit_poisdec,ok,54.488,0.1718386859,0.3019985557,0.1345472038,0.0372914821,true,runs/allen_vcn_nlb_style_20260805_tuned_core_v2/bgpfa_targeted_sweep/bgpfa_allen_vcn_flash_bo_top_20ms_nlb_style_optional_fallback_faobs1tune_gaussian_latent20_lr02_e350_refkl_infer1000_fainit_poisdec,runs/allen_vcn_nlb_style_20260805_tuned_core_v2/bgpfa_targeted_sweep/configs/bgpfa_allen_vcn_flash_bo_top_20ms_nlb_style_optional_fallback_faobs1tune_gaussian_latent20_lr02_e350_refkl_infer1000_fainit_poisdec.yaml,runs/allen_vcn_nlb_style_20260805_tuned_core_v2/bgpfa_targeted_sweep/_logs/bgpfa_allen_vcn_flash_bo_top_20ms_nlb_style_optional_fallback_faobs1tune_gaussian_latent20_lr02_e350_refkl_infer1000_fainit_poisdec.log,selected_from_optional_fallback_variant=faobs1tune_gaussian_latent20_lr02_e350_refkl_infer1000_fainit_poisdec
flash_bo_top,allen_vcn_flash_bo_top,ilqr_vae,ilqr_vae_allen_vcn_flash_bo_top_20ms_nlb_style_optional_fallback_e50_maxiter2_lr002_seed0,ok,253.445,0.1728132665,0.3019111454,0.1345472038,0.0382660627,true,runs/allen_vcn_nlb_style_20260805_tuned_core_v2/optional_fallback_sweep/ilqr_vae_allen_vcn_flash_bo_top_20ms_nlb_style_optional_fallback_e50_maxiter2_lr002_seed0,runs/allen_vcn_nlb_style_20260805_tuned_core_v2/optional_fallback_sweep/configs/ilqr_vae_allen_vcn_flash_bo_top_20ms_nlb_style_optional_fallback_e50_maxiter2_lr002_seed0.yaml,runs/allen_vcn_nlb_style_20260805_tuned_core_v2/optional_fallback_sweep/_logs/ilqr_vae_allen_vcn_flash_bo_top_20ms_nlb_style_optional_fallback_e50_maxiter2_lr002_seed0.log,selected_from_optional_fallback_variant=e50_maxiter2_lr002_seed0
flash_fc_second,allen_vcn_flash_fc_second,psth,psth_allen_vcn_flash_fc_second_20ms_nlb_style,ok,1.134,-0.02134042233,0.3762395978,0.1076145321,-0.1289549544,false,runs/allen_vcn_nlb_style_20260805_tuned_core_v2/psth_allen_vcn_flash_fc_second_20ms_nlb_style,runs/allen_vcn_nlb_style_20260805_tuned_core_v2/configs/psth_allen_vcn_flash_fc_second_20ms_nlb_style.yaml,runs/allen_vcn_nlb_style_20260805_tuned_core_v2/_logs/psth_allen_vcn_flash_fc_second_20ms_nlb_style.log,
flash_fc_second,allen_vcn_flash_fc_second,smoothing,smoothing_allen_vcn_flash_fc_second_20ms_nlb_style,ok,1.849,0.1076145321,0.3607311547,0.1076145321,0,false,runs/allen_vcn_nlb_style_20260805_tuned_core_v2/smoothing_allen_vcn_flash_fc_second_20ms_nlb_style,runs/allen_vcn_nlb_style_20260805_tuned_core_v2/configs/smoothing_allen_vcn_flash_fc_second_20ms_nlb_style.yaml,runs/allen_vcn_nlb_style_20260805_tuned_core_v2/_logs/smoothing_allen_vcn_flash_fc_second_20ms_nlb_style.log,
flash_fc_second,allen_vcn_flash_fc_second,gpfa,gpfa_allen_vcn_flash_fc_second_20ms_nlb_style,ok,2.234,0.1766918451,0.3524060845,0.1076145321,0.069077313,true,runs/allen_vcn_nlb_style_20260805_tuned_core_v2/gpfa_allen_vcn_flash_fc_second_20ms_nlb_style,runs/allen_vcn_nlb_style_20260805_tuned_core_v2/configs/gpfa_allen_vcn_flash_fc_second_20ms_nlb_style.yaml,runs/allen_vcn_nlb_style_20260805_tuned_core_v2/_logs/gpfa_allen_vcn_flash_fc_second_20ms_nlb_style.log,
flash_fc_second,allen_vcn_flash_fc_second,cassm,cassm_allen_vcn_flash_fc_second_20ms_nlb_style_fallback_pred_proj512_alpha500,ok,1067.533,0.1148174554,0.3596320152,0.1076145321,0.0072029233,true,runs/allen_vcn_nlb_style_20260805_tuned_core_v2/classical_fallback_sweep/cassm_allen_vcn_flash_fc_second_20ms_nlb_style_fallback_pred_proj512_alpha500,runs/allen_vcn_nlb_style_20260805_tuned_core_v2/classical_fallback_sweep/configs/cassm_allen_vcn_flash_fc_second_20ms_nlb_style_fallback_pred_proj512_alpha500.yaml,runs/allen_vcn_nlb_style_20260805_tuned_core_v2/classical_fallback_sweep/_logs/cassm_allen_vcn_flash_fc_second_20ms_nlb_style_fallback_pred_proj512_alpha500.log,selected_from_fallback_variant=pred_proj512_alpha500
flash_fc_second,allen_vcn_flash_fc_second,kalman,kalman_allen_vcn_flash_fc_second_20ms_nlb_style,ok,37.198,0.1178992763,0.3589469194,0.1076145321,0.0102847442,true,runs/allen_vcn_nlb_style_20260805_tuned_core_v2/kalman_allen_vcn_flash_fc_second_20ms_nlb_style,runs/allen_vcn_nlb_style_20260805_tuned_core_v2/configs/kalman_allen_vcn_flash_fc_second_20ms_nlb_style.yaml,runs/allen_vcn_nlb_style_20260805_tuned_core_v2/_logs/kalman_allen_vcn_flash_fc_second_20ms_nlb_style.log,
flash_fc_second,allen_vcn_flash_fc_second,lfads,lfads_allen_vcn_flash_fc_second_20ms_nlb_style,ok,13.745,0.2545190454,0.343026489,0.1076145321,0.1469045133,true,runs/allen_vcn_nlb_style_20260805_tuned_core_v2/lfads_allen_vcn_flash_fc_second_20ms_nlb_style,runs/allen_vcn_nlb_style_20260805_tuned_core_v2/configs/lfads_allen_vcn_flash_fc_second_20ms_nlb_style.yaml,runs/allen_vcn_nlb_style_20260805_tuned_core_v2/_logs/lfads_allen_vcn_flash_fc_second_20ms_nlb_style.log,
flash_fc_second,allen_vcn_flash_fc_second,ndt,ndt_allen_vcn_flash_fc_second_20ms_nlb_style,ok,52.045,0.1630443633,0.3540508449,0.1076145321,0.0554298312,true,runs/allen_vcn_nlb_style_20260805_tuned_core_v2/ndt_allen_vcn_flash_fc_second_20ms_nlb_style,runs/allen_vcn_nlb_style_20260805_tuned_core_v2/configs/ndt_allen_vcn_flash_fc_second_20ms_nlb_style.yaml,runs/allen_vcn_nlb_style_20260805_tuned_core_v2/_logs/ndt_allen_vcn_flash_fc_second_20ms_nlb_style.log,
flash_fc_second,allen_vcn_flash_fc_second,stndt,stndt_allen_vcn_flash_fc_second_20ms_nlb_style_fallback_mc_rtt_contrast,ok,0.000,0.2166426331,0.3475912809,0.1076145321,0.109028101,true,runs/allen_vcn_nlb_style_20260805_tuned_core_v2/stndt_fallback_sweep/stndt_allen_vcn_flash_fc_second_20ms_nlb_style_fallback_mc_rtt_contrast,runs/allen_vcn_nlb_style_20260805_tuned_core_v2/stndt_fallback_sweep/configs/stndt_allen_vcn_flash_fc_second_20ms_nlb_style_fallback_mc_rtt_contrast.yaml,runs/allen_vcn_nlb_style_20260805_tuned_core_v2/stndt_fallback_sweep/_logs/stndt_allen_vcn_flash_fc_second_20ms_nlb_style_fallback_mc_rtt_contrast.log,selected_from_fallback_variant=mc_rtt_contrast
flash_fc_second,allen_vcn_flash_fc_second,langevin_flow,langevin_flow_allen_vcn_flash_fc_second_20ms_nlb_style,ok,28.844,0.166943118,0.3535809815,0.1076145321,0.0593285859,true,runs/allen_vcn_nlb_style_20260805_tuned_core_v2/langevin_flow_allen_vcn_flash_fc_second_20ms_nlb_style,runs/allen_vcn_nlb_style_20260805_tuned_core_v2/configs/langevin_flow_allen_vcn_flash_fc_second_20ms_nlb_style.yaml,runs/allen_vcn_nlb_style_20260805_tuned_core_v2/_logs/langevin_flow_allen_vcn_flash_fc_second_20ms_nlb_style.log,
flash_fc_second,allen_vcn_flash_fc_second,mint,mint_allen_vcn_flash_fc_second_20ms_nlb_style_optional_fallback_lfadslib_trial_interp2_cand2_win6_sigma2,ok,4.078,0.2116249055,0.3481960276,0.1076145321,0.1040103734,true,runs/allen_vcn_nlb_style_20260805_tuned_core_v2/mint_lfadslib_sweep/mint_allen_vcn_flash_fc_second_20ms_nlb_style_optional_fallback_lfadslib_trial_interp2_cand2_win6_sigma2,runs/allen_vcn_nlb_style_20260805_tuned_core_v2/mint_lfadslib_sweep/configs/mint_allen_vcn_flash_fc_second_20ms_nlb_style_optional_fallback_lfadslib_trial_interp2_cand2_win6_sigma2.yaml,runs/allen_vcn_nlb_style_20260805_tuned_core_v2/mint_lfadslib_sweep/_logs/mint_allen_vcn_flash_fc_second_20ms_nlb_style_optional_fallback_lfadslib_trial_interp2_cand2_win6_sigma2.log,selected_from_optional_fallback_variant=lfadslib_trial_interp2_cand2_win6_sigma2
flash_fc_second,allen_vcn_flash_fc_second,bgpfa,bgpfa_allen_vcn_flash_fc_second_20ms_nlb_style_optional_fallback_faobs1_gaussian_latent24_lr02_e250_refkl_fainit_poisdec,ok,42.269,0.1101626605,0.3604240716,0.1076145321,0.0025481284,true,runs/allen_vcn_nlb_style_20260805_tuned_core_v2/bgpfa_faobs1_sweep/bgpfa_allen_vcn_flash_fc_second_20ms_nlb_style_optional_fallback_faobs1_gaussian_latent24_lr02_e250_refkl_fainit_poisdec,runs/allen_vcn_nlb_style_20260805_tuned_core_v2/bgpfa_faobs1_sweep/configs/bgpfa_allen_vcn_flash_fc_second_20ms_nlb_style_optional_fallback_faobs1_gaussian_latent24_lr02_e250_refkl_fainit_poisdec.yaml,runs/allen_vcn_nlb_style_20260805_tuned_core_v2/bgpfa_faobs1_sweep/_logs/bgpfa_allen_vcn_flash_fc_second_20ms_nlb_style_optional_fallback_faobs1_gaussian_latent24_lr02_e250_refkl_fainit_poisdec.log,selected_from_optional_fallback_variant=faobs1_gaussian_latent24_lr02_e250_refkl_fainit_poisdec
flash_fc_second,allen_vcn_flash_fc_second,ilqr_vae,ilqr_vae_allen_vcn_flash_fc_second_20ms_nlb_style_optional_fallback_e50_maxiter2_lr002_seed0,ok,779.607,0.1310850829,0.3579025269,0.1076145321,0.0234705508,true,runs/allen_vcn_nlb_style_20260805_tuned_core_v2/optional_fallback_sweep/ilqr_vae_allen_vcn_flash_fc_second_20ms_nlb_style_optional_fallback_e50_maxiter2_lr002_seed0,runs/allen_vcn_nlb_style_20260805_tuned_core_v2/optional_fallback_sweep/configs/ilqr_vae_allen_vcn_flash_fc_second_20ms_nlb_style_optional_fallback_e50_maxiter2_lr002_seed0.yaml,runs/allen_vcn_nlb_style_20260805_tuned_core_v2/optional_fallback_sweep/_logs/ilqr_vae_allen_vcn_flash_fc_second_20ms_nlb_style_optional_fallback_e50_maxiter2_lr002_seed0.log,selected_from_optional_fallback_variant=e50_maxiter2_lr002_seed0
flash_fc_top,allen_vcn_flash_fc_top,psth,psth_allen_vcn_flash_fc_top_20ms_nlb_style,ok,1.119,-0.04257285222,0.2602769136,0.09670565277,-0.139278505,false,runs/allen_vcn_nlb_style_20260805_tuned_core_v2/psth_allen_vcn_flash_fc_top_20ms_nlb_style,runs/allen_vcn_nlb_style_20260805_tuned_core_v2/configs/psth_allen_vcn_flash_fc_top_20ms_nlb_style.yaml,runs/allen_vcn_nlb_style_20260805_tuned_core_v2/_logs/psth_allen_vcn_flash_fc_top_20ms_nlb_style.log,
flash_fc_top,allen_vcn_flash_fc_top,smoothing,smoothing_allen_vcn_flash_fc_top_20ms_nlb_style,ok,1.835,0.09670565277,0.2503979802,0.09670565277,0,false,runs/allen_vcn_nlb_style_20260805_tuned_core_v2/smoothing_allen_vcn_flash_fc_top_20ms_nlb_style,runs/allen_vcn_nlb_style_20260805_tuned_core_v2/configs/smoothing_allen_vcn_flash_fc_top_20ms_nlb_style.yaml,runs/allen_vcn_nlb_style_20260805_tuned_core_v2/_logs/smoothing_allen_vcn_flash_fc_top_20ms_nlb_style.log,
flash_fc_top,allen_vcn_flash_fc_top,gpfa,gpfa_allen_vcn_flash_fc_top_20ms_nlb_style,ok,2.282,0.145357579,0.2469418049,0.09670565277,0.04865192623,true,runs/allen_vcn_nlb_style_20260805_tuned_core_v2/gpfa_allen_vcn_flash_fc_top_20ms_nlb_style,runs/allen_vcn_nlb_style_20260805_tuned_core_v2/configs/gpfa_allen_vcn_flash_fc_top_20ms_nlb_style.yaml,runs/allen_vcn_nlb_style_20260805_tuned_core_v2/_logs/gpfa_allen_vcn_flash_fc_top_20ms_nlb_style.log,
flash_fc_top,allen_vcn_flash_fc_top,cassm,cassm_allen_vcn_flash_fc_top_20ms_nlb_style,ok,76.053,0.09896861762,0.250023365,0.09670565277,0.00226296485,true,runs/allen_vcn_nlb_style_20260805_tuned_core_v2/cassm_allen_vcn_flash_fc_top_20ms_nlb_style,runs/allen_vcn_nlb_style_20260805_tuned_core_v2/configs/cassm_allen_vcn_flash_fc_top_20ms_nlb_style.yaml,runs/allen_vcn_nlb_style_20260805_tuned_core_v2/_logs/cassm_allen_vcn_flash_fc_top_20ms_nlb_style.log,
flash_fc_top,allen_vcn_flash_fc_top,kalman,kalman_allen_vcn_flash_fc_top_20ms_nlb_style,ok,41.729,0.1016981155,0.2496462017,0.09670565277,0.00499246273,true,runs/allen_vcn_nlb_style_20260805_tuned_core_v2/kalman_allen_vcn_flash_fc_top_20ms_nlb_style,runs/allen_vcn_nlb_style_20260805_tuned_core_v2/configs/kalman_allen_vcn_flash_fc_top_20ms_nlb_style.yaml,runs/allen_vcn_nlb_style_20260805_tuned_core_v2/_logs/kalman_allen_vcn_flash_fc_top_20ms_nlb_style.log,
flash_fc_top,allen_vcn_flash_fc_top,lfads,lfads_allen_vcn_flash_fc_top_20ms_nlb_style,ok,13.788,0.1962112039,0.2433292121,0.09670565277,0.09950555113,true,runs/allen_vcn_nlb_style_20260805_tuned_core_v2/lfads_allen_vcn_flash_fc_top_20ms_nlb_style,runs/allen_vcn_nlb_style_20260805_tuned_core_v2/configs/lfads_allen_vcn_flash_fc_top_20ms_nlb_style.yaml,runs/allen_vcn_nlb_style_20260805_tuned_core_v2/_logs/lfads_allen_vcn_flash_fc_top_20ms_nlb_style.log,
flash_fc_top,allen_vcn_flash_fc_top,ndt,ndt_allen_vcn_flash_fc_top_20ms_nlb_style,ok,56.121,0.1800399572,0.2444780022,0.09670565277,0.08333430443,true,runs/allen_vcn_nlb_style_20260805_tuned_core_v2/ndt_allen_vcn_flash_fc_top_20ms_nlb_style,runs/allen_vcn_nlb_style_20260805_tuned_core_v2/configs/ndt_allen_vcn_flash_fc_top_20ms_nlb_style.yaml,runs/allen_vcn_nlb_style_20260805_tuned_core_v2/_logs/ndt_allen_vcn_flash_fc_top_20ms_nlb_style.log,
flash_fc_top,allen_vcn_flash_fc_top,stndt,stndt_allen_vcn_flash_fc_top_20ms_nlb_style,ok,346.383,0.1144595668,0.2491367608,0.09670565277,0.01775391403,true,runs/allen_vcn_nlb_style_20260805_tuned_core_v2/stndt_allen_vcn_flash_fc_top_20ms_nlb_style,runs/allen_vcn_nlb_style_20260805_tuned_core_v2/configs/stndt_allen_vcn_flash_fc_top_20ms_nlb_style.yaml,runs/allen_vcn_nlb_style_20260805_tuned_core_v2/_logs/stndt_allen_vcn_flash_fc_top_20ms_nlb_style.log,
flash_fc_top,allen_vcn_flash_fc_top,langevin_flow,langevin_flow_allen_vcn_flash_fc_top_20ms_nlb_style,ok,37.922,0.1405073702,0.2472863495,0.09670565277,0.04380171743,true,runs/allen_vcn_nlb_style_20260805_tuned_core_v2/langevin_flow_allen_vcn_flash_fc_top_20ms_nlb_style,runs/allen_vcn_nlb_style_20260805_tuned_core_v2/configs/langevin_flow_allen_vcn_flash_fc_top_20ms_nlb_style.yaml,runs/allen_vcn_nlb_style_20260805_tuned_core_v2/_logs/langevin_flow_allen_vcn_flash_fc_top_20ms_nlb_style.log,
flash_fc_top,allen_vcn_flash_fc_top,mint,mint_allen_vcn_flash_fc_top_20ms_nlb_style_optional_fallback_lfadslib_trial_interp2_cand2_win6_sigma2,ok,4.326,0.1935065091,0.2435213771,0.09670565277,0.09680085633,true,runs/allen_vcn_nlb_style_20260805_tuned_core_v2/mint_lfadslib_sweep/mint_allen_vcn_flash_fc_top_20ms_nlb_style_optional_fallback_lfadslib_trial_interp2_cand2_win6_sigma2,runs/allen_vcn_nlb_style_20260805_tuned_core_v2/mint_lfadslib_sweep/configs/mint_allen_vcn_flash_fc_top_20ms_nlb_style_optional_fallback_lfadslib_trial_interp2_cand2_win6_sigma2.yaml,runs/allen_vcn_nlb_style_20260805_tuned_core_v2/mint_lfadslib_sweep/_logs/mint_allen_vcn_flash_fc_top_20ms_nlb_style_optional_fallback_lfadslib_trial_interp2_cand2_win6_sigma2.log,selected_from_optional_fallback_variant=lfadslib_trial_interp2_cand2_win6_sigma2
flash_fc_top,allen_vcn_flash_fc_top,bgpfa,bgpfa_allen_vcn_flash_fc_top_20ms_nlb_style_optional_fallback_faobs1tune_gaussian_latent16_lr02_e350_refkl_infer1000_fainit_poisdec,ok,47.606,0.1302561909,0.2480145842,0.09670565277,0.03355053813,true,runs/allen_vcn_nlb_style_20260805_tuned_core_v2/bgpfa_targeted_sweep/bgpfa_allen_vcn_flash_fc_top_20ms_nlb_style_optional_fallback_faobs1tune_gaussian_latent16_lr02_e350_refkl_infer1000_fainit_poisdec,runs/allen_vcn_nlb_style_20260805_tuned_core_v2/bgpfa_targeted_sweep/configs/bgpfa_allen_vcn_flash_fc_top_20ms_nlb_style_optional_fallback_faobs1tune_gaussian_latent16_lr02_e350_refkl_infer1000_fainit_poisdec.yaml,runs/allen_vcn_nlb_style_20260805_tuned_core_v2/bgpfa_targeted_sweep/_logs/bgpfa_allen_vcn_flash_fc_top_20ms_nlb_style_optional_fallback_faobs1tune_gaussian_latent16_lr02_e350_refkl_infer1000_fainit_poisdec.log,selected_from_optional_fallback_variant=faobs1tune_gaussian_latent16_lr02_e350_refkl_infer1000_fainit_poisdec
flash_fc_top,allen_vcn_flash_fc_top,ilqr_vae,ilqr_vae_allen_vcn_flash_fc_top_20ms_nlb_style_optional_fallback_e50_maxiter5_lr002_seed0,ok,548.851,0.1097541824,0.2494710237,0.09670565277,0.01304852963,true,runs/allen_vcn_nlb_style_20260805_tuned_core_v2/optional_fallback_sweep/ilqr_vae_allen_vcn_flash_fc_top_20ms_nlb_style_optional_fallback_e50_maxiter5_lr002_seed0,runs/allen_vcn_nlb_style_20260805_tuned_core_v2/optional_fallback_sweep/configs/ilqr_vae_allen_vcn_flash_fc_top_20ms_nlb_style_optional_fallback_e50_maxiter5_lr002_seed0.yaml,runs/allen_vcn_nlb_style_20260805_tuned_core_v2/optional_fallback_sweep/_logs/ilqr_vae_allen_vcn_flash_fc_top_20ms_nlb_style_optional_fallback_e50_maxiter5_lr002_seed0.log,selected_from_optional_fallback_variant=e50_maxiter5_lr002_seed0
